{
  "pooled": {
    "rmse_mean": 18.492995920787855,
    "rmse_std": 2.3994020391815436,
    "mae_mean": 13.52113863291422,
    "mae_std": 2.1876760916619222,
    "bias_mean": 3.5393914699972555,
    "r2_mean": 0.0891816639710599,
    "r2_std": 0.10339122788992869,
    "folds": {
      "0": {
        "rmse": 17.404332665202347,
        "mae": 12.617997863342922,
        "bias": 1.1151137702858005,
        "r2": 0.1232601997130387,
        "n_test": 24
      },
      "1": {
        "rmse": 17.031478435769973,
        "mae": 11.87473267890906,
        "bias": 2.1910175159895053,
        "r2": -0.11073768916011129,
        "n_test": 24
      },
      "2": {
        "rmse": 17.340999975651695,
        "mae": 12.637201850237533,
        "bias": 3.066065027751741,
        "r2": 0.19025967708096114,
        "n_test": 23
      },
      "3": {
        "rmse": 23.283835862112916,
        "mae": 17.857762908738653,
        "bias": 10.209647265673432,
        "r2": 0.11986593250837196,
        "n_test": 26
      },
      "4": {
        "rmse": 17.404332665202343,
        "mae": 12.617997863342922,
        "bias": 1.1151137702858003,
        "r2": 0.12326019971303892,
        "n_test": 24
      }
    }
  }
}