{
  "n_stations_seismic": 74,
  "peak_depths_km": [
    2.5499999999999896,
    0.5450000000000003,
    0.13499999999999998,
    0.045000000000000005
  ],
  "sigma_shrink": {
    "gwl": 0.8359782695770264,
    "theta": 0.457227885723114,
    "vs30": 0.8970699906349182
  },
  "domain_mean_range": {
    "gwl": [
      23.5294132232666,
      23.601198196411133
    ],
    "theta": [
      0.1829095035791397,
      0.24133595824241638
    ],
    "vs30": [
      394.67596435546875,
      396.5560607910156
    ]
  },
  "n_frames": 73,
  "dt_days": 5.0,
  "span_days": 360.0,
  "display_px": [
    144,
    180
  ],
  "poster_frame": 64,
  "vs30_source": "synthetic-from-HAND",
  "attribution": {
    "feature_importance": {
      "gwl": {
        "HAND": 0.6061441416058898,
        "TWI": 0.0345771327115761,
        "slope": 0.06913772994816916,
        "clay": 0.2561132925768235,
        "sand": 0.023137978731899177,
        "dv/v": 0.010889724425642263
      },
      "theta": {
        "HAND": 0.002255172424905811,
        "TWI": 0.00196264996679255,
        "slope": 0.0019624723504687467,
        "clay": 0.13802412823547347,
        "sand": 0.8466243414981868,
        "dv/v": 0.009171235524172773
      },
      "vs30": {
        "HAND": 0.9999999961626632,
        "TWI": 2.2409608255090429e-10,
        "slope": 2.603428354401823e-10,
        "clay": 1.9882930807870496e-10,
        "sand": 5.802275879322012e-10,
        "dv/v": 2.5738411227557136e-09
      }
    },
    "sensor_update_share": {
      "gwl": {
        "wells": 0.9384295457970203,
        "seismic": 0.05653968894390013,
        "model": 0.005030765259079587
      },
      "theta": {
        "snotel": 0.0285277943498362,
        "seismic": 0.9518767006021138,
        "model": 0.019595505048049935
      },
      "vs30": {
        "seismic": 0.9862473781581038,
        "model": 0.013752621841896153
      }
    }
  }
}