{
  "n_stations_seismic": 74,
  "peak_depths_km": [
    2.5499999999999896,
    0.5450000000000003,
    0.13499999999999998,
    0.045000000000000005
  ],
  "sigma_shrink": {
    "gwl": 0.8367630839347839,
    "theta": 0.45574963092803955,
    "vs30": 0.8970122933387756
  },
  "domain_mean_range": {
    "gwl": [
      21.46160125732422,
      27.652856826782227
    ],
    "theta": [
      0.18741074204444885,
      0.23183324933052063
    ],
    "vs30": [
      394.35748291015625,
      396.372802734375
    ]
  },
  "n_frames": 73,
  "dt_days": 5.0,
  "span_days": 360.0,
  "display_px": [
    144,
    180
  ],
  "poster_frame": 63,
  "vs30_source": "synthetic-from-HAND",
  "attribution": {
    "feature_importance": {
      "gwl": {
        "HAND": 0.6071113384412192,
        "TWI": 0.036096204076828536,
        "slope": 0.07136615491229696,
        "clay": 0.2542187892793353,
        "sand": 0.023455363756368353,
        "dv/v": 0.007752149533951682
      },
      "theta": {
        "HAND": 0.002083480887282073,
        "TWI": 0.0021194518800365784,
        "slope": 0.0017146584302419892,
        "clay": 0.10171899855119575,
        "sand": 0.8854175867002064,
        "dv/v": 0.006945823551037085
      },
      "vs30": {
        "HAND": 0.9999999870270088,
        "TWI": 1.0087499357626887e-09,
        "slope": 7.533906865905589e-10,
        "clay": 4.331925721376283e-10,
        "sand": 7.066295485147087e-10,
        "dv/v": 1.0071028347496369e-08
      }
    },
    "sensor_update_share": {
      "gwl": {
        "wells": 0.9384295457970203,
        "seismic": 0.05653968894390013,
        "model": 0.005030765259079587
      },
      "theta": {
        "snotel": 0.0285277943498362,
        "seismic": 0.9518767006021138,
        "model": 0.019595505048049935
      },
      "vs30": {
        "seismic": 0.9862473781581038,
        "model": 0.013752621841896153
      }
    }
  }
}