{
  "n_stations_seismic": 74,
  "peak_depths_km": [
    2.5499999999999896,
    0.5450000000000003,
    0.13499999999999998,
    0.045000000000000005
  ],
  "sigma_shrink": {
    "gwl": 0.8359782695770264,
    "theta": 0.457227885723114,
    "vs30": 0.9081804752349854
  },
  "domain_mean_range": {
    "gwl": [
      23.5294132232666,
      23.601198196411133
    ],
    "theta": [
      0.1829095035791397,
      0.24133595824241638
    ],
    "vs30": [
      431.33367919921875,
      433.3882751464844
    ]
  },
  "n_frames": 73,
  "dt_days": 5.0,
  "span_days": 360.0,
  "display_px": [
    144,
    180
  ],
  "poster_frame": 64,
  "vs30_source": "vs30_90m.tif (fetch_vs30: Wald-Allen slope proxy)",
  "attribution": {
    "feature_importance": {
      "gwl": {
        "HAND": 0.6061441416058898,
        "TWI": 0.0345771327115761,
        "slope": 0.06913772994816915,
        "clay": 0.2561132925768235,
        "sand": 0.023137978731899177,
        "dv/v": 0.010889724425642263
      },
      "theta": {
        "HAND": 0.002255172424905811,
        "TWI": 0.00196264996679255,
        "slope": 0.0019624723504687303,
        "clay": 0.13802412823547341,
        "sand": 0.8466243414981868,
        "dv/v": 0.009171235524172757
      },
      "vs30": {
        "HAND": 0.0,
        "TWI": 4.505737645630867e-13,
        "slope": 0.9999994639109638,
        "clay": 2.0366507274485195e-12,
        "sand": 0.0,
        "dv/v": 5.3608654880515e-07
      }
    },
    "sensor_update_share": {
      "gwl": {
        "wells": 0.9384295457970203,
        "seismic": 0.05653968894390013,
        "model": 0.005030765259079587
      },
      "theta": {
        "snotel": 0.0285277943498362,
        "seismic": 0.9518767006021138,
        "model": 0.019595505048049935
      },
      "vs30": {
        "seismic": 0.986248929617039,
        "model": 0.013751070382960981
      }
    }
  }
}