{
  "n_stations_seismic": 74,
  "peak_depths_km": [
    2.5499999999999896,
    0.5450000000000003,
    0.13499999999999998,
    0.045000000000000005
  ],
  "sigma_shrink": {
    "gwl": 0.8359782695770264,
    "theta": 0.4600396752357483,
    "vs30": 0.9081804752349854
  },
  "domain_mean_range": {
    "gwl": [
      23.530593872070312,
      23.600032806396484
    ],
    "theta": [
      0.1901904046535492,
      0.22218334674835205
    ],
    "vs30": [
      425.41168212890625,
      439.2484130859375
    ]
  },
  "n_frames": 73,
  "dt_days": 5.0,
  "span_days": 360.0,
  "display_px": [
    144,
    180
  ],
  "poster_frame": 64,
  "vs30_source": "vs30_90m.tif (fetch_vs30: Wald-Allen slope proxy)",
  "attribution": {
    "feature_importance": {
      "gwl": {
        "HAND": 0.6060234061744015,
        "TWI": 0.034546397932446425,
        "slope": 0.06916382421618551,
        "clay": 0.25626357008838574,
        "sand": 0.0231213021893171,
        "dv/v": 0.010881499399263835
      },
      "theta": {
        "HAND": 0.0022776373569254682,
        "TWI": 0.0022827677129133423,
        "slope": 0.001975839365054132,
        "clay": 0.10343856487928639,
        "sand": 0.8872517766181569,
        "dv/v": 0.0027734140676638555
      },
      "vs30": {
        "HAND": 9.872029059791831e-13,
        "TWI": 1.381168020454441e-13,
        "slope": 0.5347264321416718,
        "clay": 0.0,
        "sand": 1.2093552774460184e-12,
        "dv/v": 0.4652735678559937
      }
    },
    "sensor_update_share": {
      "gwl": {
        "wells": 0.9384295457970203,
        "seismic": 0.05653968894390013,
        "model": 0.005030765259079587
      },
      "theta": {
        "snotel": 0.0285277943498362,
        "seismic": 0.9518767006021138,
        "model": 0.019595505048049935
      },
      "vs30": {
        "seismic": 0.986248929617039,
        "model": 0.013751070382960981
      }
    }
  }
}