{
  "n_stations_seismic": 74,
  "peak_depths_km": [
    2.5499999999999896,
    0.5450000000000003,
    0.13499999999999998,
    0.045000000000000005
  ],
  "sigma_shrink": {
    "gwl": 0.9965591430664062,
    "theta": 0.4619362950325012,
    "vs30": 0.9016923904418945
  },
  "domain_mean_range": {
    "gwl": [
      19.271265029907227,
      25.20330238342285
    ],
    "theta": [
      0.20551332831382751,
      0.20620432496070862
    ],
    "vs30": [
      310.4465026855469,
      311.92523193359375
    ]
  },
  "n_frames": 73,
  "dt_days": 5.0,
  "span_days": 360.0,
  "display_px": [
    144,
    180
  ],
  "poster_frame": 36,
  "vs30_source": "synthetic-from-HAND",
  "attribution": {
    "feature_importance": {
      "gwl": {
        "HAND": 0.6065527152228751,
        "TWI": 0.03650866225475339,
        "slope": 0.07204269256171279,
        "clay": 0.25584845826945146,
        "sand": 0.022268920122946935,
        "dv/v": 0.006778551568260171
      },
      "theta": {
        "HAND": 0.0022449003698849284,
        "TWI": 0.0022297601846691267,
        "slope": 0.001836025173381977,
        "clay": 0.10274606377463397,
        "sand": 0.887935097741843,
        "dv/v": 0.003008152755587016
      },
      "vs30": {
        "HAND": 0.9999999809774807,
        "TWI": 9.990795124584247e-10,
        "slope": 6.909068329937098e-10,
        "clay": 7.583661273665057e-10,
        "sand": 1.1112096307239037e-09,
        "dv/v": 1.5462957409439435e-08
      }
    },
    "sensor_update_share": {
      "gwl": {
        "wells": 0.9384295457970203,
        "seismic": 0.05653968894390013,
        "model": 0.005030765259079587
      },
      "theta": {
        "snotel": 0.0285277943498362,
        "seismic": 0.9518767006021138,
        "model": 0.019595505048049935
      },
      "vs30": {
        "seismic": 0.98617244226007,
        "model": 0.013827557739930031
      }
    }
  }
}