{
  "n_stations": 74,
  "bands_hz": [
    0.22360679774997896,
    0.7071067811865476,
    1.4142135623730951,
    2.8284271247461903
  ],
  "peak_depths_km": [
    2.5499999999999896,
    0.5450000000000003,
    0.13499999999999998,
    0.045000000000000005
  ],
  "water_table_km": 0.03,
  "soil_moisture_dvv": -0.0014912407494817072,
  "soil_moisture_dvv_std": 0.0007394704379598831,
  "wtd_relative_dvv": -0.00042489392534970205,
  "wtd_relative_dvv_std": 0.00028157389791948136,
  "assimilation": {
    "n_stations": 74,
    "wtd_sigma_reduction": 0.5274614095687866,
    "theta_sigma_reduction": 0.9123663902282715
  }
}