{
  "n_stations": 74,
  "bands_hz": [
    0.22360679774997896,
    0.7071067811865476,
    1.4142135623730951,
    2.8284271247461903
  ],
  "peak_depths_km": [
    2.5499999999999896,
    0.5450000000000003,
    0.13499999999999998,
    0.045000000000000005
  ],
  "water_table_km": 0.03,
  "soil_moisture_dvv": -0.00021818247622629126,
  "soil_moisture_dvv_std": 0.0012801837002218172,
  "wtd_relative_dvv": 0.000271589309490897,
  "wtd_relative_dvv_std": 0.004479190991756092,
  "assimilation": {
    "n_stations": 74,
    "wtd_sigma_reduction": 0.5303612947463989,
    "theta_sigma_reduction": 0.9123663902282715
  }
}