{
  "n_stations": 74,
  "bands_hz": [
    0.22360679774997896,
    0.7071067811865476,
    1.4142135623730951,
    2.8284271247461903
  ],
  "peak_depths_km": [
    2.5499999999999896,
    0.5450000000000003,
    0.13499999999999998,
    0.045000000000000005
  ],
  "water_table_km": 0.03,
  "soil_moisture_dvv": -0.007600382975269642,
  "soil_moisture_dvv_std": 0.0012852371481140332,
  "wtd_relative_dvv": 0.00024157956653485488,
  "wtd_relative_dvv_std": 0.004480329369594271,
  "assimilation": {
    "n_stations": 74,
    "wtd_sigma_reduction": 0.529137909412384,
    "theta_sigma_reduction": 0.9123663902282715
  }
}