{
  "n_months": 24,
  "period": [
    "2024-01",
    "2025-12"
  ],
  "n_cells": 4,
  "root_zone": {
    "r": 0.7940708242821555,
    "bias": -0.11066565662622452,
    "rmse": 0.11560894548892975
  },
  "surface": {
    "r": 0.823621196028509,
    "bias": -0.1221625879406929,
    "rmse": 0.12512421607971191
  },
  "domain_mean_r_rootzone": 0.8144849430120326
}