{
  "n_months": 24,
  "period": [
    "2024-01",
    "2025-12"
  ],
  "n_cells": 4,
  "root_zone": {
    "r": 0.8383104387116705,
    "bias": -0.08167713135480881,
    "rmse": 0.09528367966413498
  },
  "surface": {
    "r": 0.8555648288669595,
    "bias": -0.09317407011985779,
    "rmse": 0.1070847287774086
  },
  "domain_mean_r_rootzone": 0.8545535204399636
}