{
  "hand_m": 0.4322283759202664,
  "twi": 0.11038983743753078,
  "slope_deg": 0.15749913634896187,
  "clay_pct": 0.2199550611390993,
  "sand_pct": 0.07992758915414164
}