{
  "default_params": {
    "ddf": 3.0,
    "t_snow_hi": 3.0,
    "t_melt": 0.0
  },
  "calibrated_params": {
    "ddf": 2.5,
    "t_snow_hi": 2.0,
    "t_melt": 1.0
  },
  "mean_r_default": 0.49301958391421985,
  "mean_r_calibrated": 0.49875910978438254,
  "loso_mean_r_default": 0.49301958391421985,
  "loso_mean_r_calibrated": 0.43873689200118715,
  "rmse_raw": 0.12468523153414082,
  "rmse_bias_corrected": 0.07414496367954505,
  "per_site_r_default": {
    "Burnt Mountain": 0.36072802507306756,
    "Cayuse Pass": 0.6416538171020442,
    "Meadows Pass": 0.2450011084830879,
    "Park Creek Ridge": 0.6777681851974192,
    "Sasse Ridge": 0.5399467837154808
  },
  "per_site_r_calibrated": {
    "Burnt Mountain": 0.36324608400138003,
    "Cayuse Pass": 0.5939969737912908,
    "Meadows Pass": 0.3307339184898821,
    "Park Creek Ridge": 0.6698306532498851,
    "Sasse Ridge": 0.5359879193894749
  }
}